-- phpMyAdmin SQL Dump
-- version 4.7.7
-- https://www.phpmyadmin.net/
--
-- Host: localhost
-- Generation Time: Apr 09, 2018 at 01:17 AM
-- Server version: 5.6.38
-- PHP Version: 7.2.1

SET SQL_MODE = "NO_AUTO_VALUE_ON_ZERO";
SET time_zone = "+00:00";


/*!40101 SET @OLD_CHARACTER_SET_CLIENT=@@CHARACTER_SET_CLIENT */;
/*!40101 SET @OLD_CHARACTER_SET_RESULTS=@@CHARACTER_SET_RESULTS */;
/*!40101 SET @OLD_COLLATION_CONNECTION=@@COLLATION_CONNECTION */;
/*!40101 SET NAMES utf8mb4 */;

--
-- Database: `db_3014cms`
--

-- --------------------------------------------------------

--
-- Table structure for table `tbl_genre`
--

CREATE TABLE `tbl_genre` (
  `genre_id` tinyint(3) UNSIGNED NOT NULL,
  `genre_name` varchar(125) NOT NULL
) ENGINE=InnoDB DEFAULT CHARSET=utf8;

--
-- Dumping data for table `tbl_genre`
--

INSERT INTO `tbl_genre` (`genre_id`, `genre_name`) VALUES
(1, 'Action'),
(2, 'Adventure'),
(3, 'Comedy'),
(4, 'Crime'),
(5, 'Drama'),
(6, 'Historical'),
(7, 'Horror'),
(8, 'Musical'),
(9, 'Science Fiction'),
(10, 'War'),
(11, 'Western'),
(12, 'Animation'),
(13, 'Family'),
(14, 'Fantasy'),
(15, 'Romance'),
(16, 'Sport');

-- --------------------------------------------------------

--
-- Table structure for table `tbl_movies`
--

CREATE TABLE `tbl_movies` (
  `movies_id` mediumint(8) UNSIGNED NOT NULL,
  `movies_cover` varchar(75) NOT NULL DEFAULT 'cover_default.jpg',
  `movies_title` varchar(125) NOT NULL,
  `movies_year` varchar(5) NOT NULL,
  `movies_runtime` varchar(25) NOT NULL,
  `movies_storyline` text NOT NULL,
  `movies_trailer` varchar(75) NOT NULL DEFAULT 'trailer_default.jpg',
  `movies_release` varchar(125) NOT NULL
) ENGINE=InnoDB DEFAULT CHARSET=utf8;

--
-- Dumping data for table `tbl_movies`
--

INSERT INTO `tbl_movies` (`movies_id`, `movies_cover`, `movies_title`, `movies_year`, `movies_runtime`, `movies_storyline`, `movies_trailer`, `movies_release`) VALUES
(1, 'guardians2.jpg', 'Guardians of the Galaxy Vol. 2', '2017', '2h 17m', 'The Guardians must fight to keep their newfound family together as they unravel the mystery of Peter Quill’s true parentage.', 'Guardians2.mp4', 'May 5, 2017'),
(2, 'dunkirk.jpg', 'Dunkirk', '2017', '1h 46m', 'Allied soldiers from Belgium, the British Empire and France are surrounded by the German army and evacuated during a fierce battle in World War II.', 'Dunkirk.mp4', 'July 21, 2017'),
(3, 'logan.jpg', 'Logan', '2017', '2h 17m', 'In the near future, a weary Logan cares for an ailing Professor X, somewhere on the Mexican border. However, Logan&rsquo;s attempts to hide from the world, and his legacy, are upended when a young mutant arrives, pursued by dark forces.', 'Logan.mp4', 'March 3,2017'),
(4, 'okja.jpg', 'Okja', '2017', '2h', ' Meet Mija, a young girl who risks everything to prevent a powerful, multi-national company from kidnapping her best friend - a fascinating animal named Okja. ', 'Okja.mp4', 'June 28,2017'),
(5, 'beauty.jpg', 'Beauty and the Beast', '2017', '2h 9min', 'An adaptation of the fairy tale about a monstrous-looking prince and a young woman who fall in love. ', 'Beauty.mp4', 'March 17, 2017'),
(6, 'hacksaw.jpg', 'Hacksaw Ridge', '2016', '2h 19m', 'WWII American Army Medic Desmond T. Doss, who served during the Battle of Okinawa, refuses to kill people, and becomes the first man in American history to receive the Medal of Honor without firing a shot.', 'Hacksaw.mp4', 'November 4, 2016'),
(7, 'deadpool.jpg', 'Deadpool', '2016', '1h 48m', 'A fast-talking mercenary with a morbid sense of humor is subjected to a rogue experiment that leaves him with accelerated healing powers and a quest for revenge.', 'Bloodpool.mp4', 'Febuary 12, 2016'),
(8, 'arrival.jpg', 'Arrival', '2016', '1h 56m', 'When twelve mysterious spacecraft appear around the world, linguistics professor Louise Banks is tasked with interpreting the language of the apparent alien visitors.', 'Arrival.mp4', 'November 11, 2016'),
(9, 'eddie.jpg', 'Eddie the Eagle', '2016', '1h 46m', 'The story of Eddie Edwards, the notoriously tenacious British underdog ski jumper who charmed the world at the 1988 Winter Olympics.', 'Eddie.mp4', 'Febuary 26, 2016'),
(10, 'trolls.jpg', 'Trolls', '2016', '1h 32m', 'After the Bergens invade Troll Village, Poppy, the happiest Troll ever born, and the curmudgeonly Branch set off on a journey to rescue her friends.', 'Trolls.mp4', 'November 4, 2016'),
(11, 'revenant.jpg', 'The Revenant', '2015', '2h 36m', 'A frontiersman on a fur trading expedition in the 1820s fights for survival after being mauled by a bear and left for dead by members of his own hunting team.', 'Revenant.mp4', 'January 8, 2015'),
(12, 'brooklyn.jpg', 'Brooklyn', '2015', '1h 57m', 'An Irish immigrant lands in 1950s Brooklyn, where she quickly falls into a romance with a local. When her past catches up with her, however, she must choose between two countries and the lives that exist within.', 'Brooklyn.mp4', 'November 25, 2015'),
(13, 'walk.jpg', 'The Walk', '2015', '2h 3m', 'In 1974, high-wire artist Philippe Petit recruits a team of people to help him realize his dream: to walk the immense void between the World Trade Center towers.', 'Walk.mp4', 'October 9, 2015'),
(14, 'colonia.jpg', 'Colonia', '2015', '1h 46m', 'A young woman&rsquo;s desperate search for her abducted boyfriend that draws her into the infamous Colonia Dignidad, a sect nobody has ever escaped from.', 'Colonia.mp4', 'April 15, 2015'),
(15, 'force.jpg', 'Star Wars: The Force Awakens', '2015', '2h 16m', 'Three decades after the Empire&rsquo;s defeat, a new threat arises in the militant First Order. Stormtrooper defector Finn and spare parts scavenger Rey are caught up in the Resistance&rsquo;s search for the missing Luke Skywalker.', 'Force.mp4', 'December 18, 2015'),
(16, 'whiplash.jpg', 'Whiplash', '2014', '1h 47m', 'A promising young drummer enrolls at a cut-throat music conservatory where his dreams of greatness are mentored by an instructor who will stop at nothing to realize a student\'s potential.', 'Whiplash.mp4', 'October 15, 2014'),
(17, 'guardians.jpg', 'Guardians of the Galaxy', '2014', '2h 1m', 'A group of intergalactic criminals are forced to work together to stop a fanatical warrior from taking control of the universe.', 'Guardians.mp4', 'August 1, 2014'),
(18, 'donjon.jpg', 'Don Jon', '2013', '1h 30m', 'A New Jersey guy dedicated to his family, friends, and church, develops unrealistic expectations from watching porn and works to find happiness and intimacy with his potential true love.', 'donjon.mp4', 'September 27, 2013'),
(19, 'gravity.jpg', 'Gravity', '2013', '1h 31m', 'Two astronauts work together to survive after an accident which leaves them alone in space.', 'Gravity.mp4', 'October 4, 2013'),
(20, 'pi.jpg', 'Life of Pi', '2012', '2h 7m', 'A young man who survives a disaster at sea is hurtled into an epic journey of adventure and discovery. While cast away, he forms an unexpected connection with another survivor: a fearsome Bengal tiger.', 'Pi.jpg', 'November 21, 2012'),
(21, 'silver.jpg', 'Silver Linings Playbook', '2012', '2h 2m', 'After a stint in a mental institution, former teacher Pat Solitano moves back in with his parents and tries to reconcile with his ex-wife. Things get more challenging when Pat meets Tiffany, a mysterious girl with problems of her own.', 'Silver.jpg', 'December 25, 2012'),
(30, '../images/TH_arlo.jpg', 'Arlo Dog', '2017', 'forever', 'Here is the beautiful little angel face being a precious darling pie.', 'arlo_goodboy.mp4', '2017'),
(31, '../images/TH_sleepy-bee.jpg', 'The Sleepy Bee', '2017', '3-5h', 'The little doggo will not rest... or rather, he will continue resting! For how long.. who knows!', 'arlo_goodboy.mp4', '2017'),
(32, '../images/TH_chirstmas-puppy.jpg', 'Little Christmas Puppy', '2017', 'one month', 'The little christmas puppy has lost his christmas bowtie... whatever shall happen!?', 'arlo_goodboy.mp4', '2017'),
(33, '../images/TH_good-boy.jpg', 'The Good Boy', '2018', '1h tops', 'Will this good boy go bad?', 'arlo_goodboy.mp4', '2018'),
(34, '../images/TH_temptress.jpg', 'Temptress', '2018', '1h', 'He is always enticing you with his eyes, but what is behind them...', 'arlo_goodboy.mp4', '2018'),
(35, '../images/TH_destroyer.jpg', 'The Destroyer', '2018', '2-3mins', 'No branch is safe while the destroyer is around.', 'arlo_goodboy.mp4', '2018');

-- --------------------------------------------------------

--
-- Table structure for table `tbl_mov_genre`
--

CREATE TABLE `tbl_mov_genre` (
  `mov_genre_id` mediumint(8) UNSIGNED NOT NULL,
  `movies_id` mediumint(9) NOT NULL,
  `genre_id` mediumint(9) NOT NULL
) ENGINE=InnoDB DEFAULT CHARSET=utf8;

--
-- Dumping data for table `tbl_mov_genre`
--

INSERT INTO `tbl_mov_genre` (`mov_genre_id`, `movies_id`, `genre_id`) VALUES
(1, 1, 1),
(2, 1, 2),
(3, 1, 9),
(4, 2, 1),
(5, 2, 5),
(6, 2, 6),
(7, 2, 10),
(8, 3, 1),
(9, 3, 5),
(10, 3, 9),
(11, 4, 1),
(12, 4, 2),
(13, 4, 5),
(14, 4, 9),
(15, 5, 8),
(16, 5, 13),
(17, 5, 14),
(18, 6, 5),
(19, 6, 6),
(20, 6, 10),
(21, 7, 1),
(22, 7, 2),
(23, 7, 3),
(24, 7, 15),
(25, 8, 5),
(26, 8, 9),
(27, 9, 3),
(28, 9, 5),
(29, 9, 16),
(30, 10, 14),
(31, 10, 2),
(32, 10, 3),
(33, 10, 8),
(34, 10, 13),
(35, 11, 2),
(36, 11, 5),
(37, 28, 2),
(38, 29, 2),
(39, 30, 15),
(40, 31, 1),
(41, 32, 9),
(42, 33, 5),
(43, 34, 6),
(44, 35, 7);

-- --------------------------------------------------------

--
-- Table structure for table `tbl_user`
--

CREATE TABLE `tbl_user` (
  `user_id` int(4) UNSIGNED NOT NULL,
  `user_created_at` datetime NOT NULL,
  `user_fname` varchar(100) NOT NULL,
  `user_name` varchar(50) NOT NULL,
  `user_pass` varchar(300) NOT NULL,
  `user_email` varchar(70) NOT NULL,
  `user_date` timestamp NOT NULL DEFAULT CURRENT_TIMESTAMP,
  `user_attempts` int(2) NOT NULL,
  `user_lastlog` datetime DEFAULT NULL,
  `user_level` int(2) DEFAULT NULL,
  `user_ip` varchar(150) DEFAULT NULL,
  `user_signedin` tinyint(1) DEFAULT NULL
) ENGINE=InnoDB DEFAULT CHARSET=utf8;

--
-- Dumping data for table `tbl_user`
--

INSERT INTO `tbl_user` (`user_id`, `user_created_at`, `user_fname`, `user_name`, `user_pass`, `user_email`, `user_date`, `user_attempts`, `user_lastlog`, `user_level`, `user_ip`, `user_signedin`) VALUES
(1, '2018-03-28 16:15:07', 'Natalie', 'natalie', '$2y$10$7ThqIK2os3m6j5aoYE1.z.JB4CQ6q0IRheDDQdAkAE17OjO6betRm', 'natalie@gmail.com', '2018-03-28 20:15:07', 0, '2018-04-08 21:14:37', 2, '::1', 1);

--
-- Indexes for dumped tables
--

--
-- Indexes for table `tbl_genre`
--
ALTER TABLE `tbl_genre`
  ADD PRIMARY KEY (`genre_id`);

--
-- Indexes for table `tbl_movies`
--
ALTER TABLE `tbl_movies`
  ADD PRIMARY KEY (`movies_id`);

--
-- Indexes for table `tbl_mov_genre`
--
ALTER TABLE `tbl_mov_genre`
  ADD PRIMARY KEY (`mov_genre_id`);

--
-- Indexes for table `tbl_user`
--
ALTER TABLE `tbl_user`
  ADD PRIMARY KEY (`user_id`);

--
-- AUTO_INCREMENT for dumped tables
--

--
-- AUTO_INCREMENT for table `tbl_genre`
--
ALTER TABLE `tbl_genre`
  MODIFY `genre_id` tinyint(3) UNSIGNED NOT NULL AUTO_INCREMENT, AUTO_INCREMENT=17;

--
-- AUTO_INCREMENT for table `tbl_movies`
--
ALTER TABLE `tbl_movies`
  MODIFY `movies_id` mediumint(8) UNSIGNED NOT NULL AUTO_INCREMENT, AUTO_INCREMENT=36;

--
-- AUTO_INCREMENT for table `tbl_mov_genre`
--
ALTER TABLE `tbl_mov_genre`
  MODIFY `mov_genre_id` mediumint(8) UNSIGNED NOT NULL AUTO_INCREMENT, AUTO_INCREMENT=45;

--
-- AUTO_INCREMENT for table `tbl_user`
--
ALTER TABLE `tbl_user`
  MODIFY `user_id` int(4) UNSIGNED NOT NULL AUTO_INCREMENT, AUTO_INCREMENT=2;

/*!40101 SET CHARACTER_SET_CLIENT=@OLD_CHARACTER_SET_CLIENT */;
/*!40101 SET CHARACTER_SET_RESULTS=@OLD_CHARACTER_SET_RESULTS */;
/*!40101 SET COLLATION_CONNECTION=@OLD_COLLATION_CONNECTION */;
